"","X14_Species_Name","Common_Name","Scientific_Name","Order","IUCN name","HWI","Sample size","Body mass (log)","Range Size","Island","Migration-1","Migration-2","Migration-3","Territoriality","Diet","Habitat","Latitude","AnnualTemp","TempRange","AnnualPrecip","PrecipRange","BodyMass.Value"
"1","Variable Wheatear (Oenanthe picata)","Variable Wheatear ","Oenanthe picata","Passeriformes","Oenanthe picata",24.67317814,4,"1.334252642","267","0","Full Migrant","3","directional migratory","weak","invertebrates","3","34.89","14.06044365","38.506982110000003","252.9639617","48.117624210000002",21.59
"2","Black Drongo (Dicrurus macrocercus)","Black Drongo ","Dicrurus macrocercus","Passeriformes","Dicrurus macrocercus",27.11140206,8,"1.683947131","939","2.1299255E-2","Full Migrant","1","directional migratory","strong","invertebrates","2","23.93","20.16642139","26.451934810000001","1281.3560649999999","274.93683220000003",48.3
"3","Rock Pigeon (Columba livia)","Rock Pigeon ","Columba livia","Columbiformes","Columba livia",44.18079137,8,"2.5492485569999999","3117","2.1174206000000001E-2","Not a Migrant","1","resident","none","seeds","3","35.869999999999997","14.18175604","32.987257640000003","569.85642350000001","89.013298469999995",354.2
"4","House Crow (Corvus splendens)","House Crow ","Corvus splendens","Passeriformes","Corvus splendens",36.62683518,8,"2.4662001020000002","424","1.8867925000000001E-2","Not a Migrant","1","resident","none","scav","3","20.56","24.48183817","24.719789039999998","1290.4226980000001","311.38407419999999",292.55
"5","Red vented Bulbul (Pycnonotus cafer)","Red vented Bulbul ","Pycnonotus cafer","Passeriformes","Pycnonotus cafer",16.99361609,8,"1.631950826","428","4.6728969999999996E-3","Not a Migrant","1","resident","weak","omnivore","2","22.64","23.760375610000001","25.70170152","1269.3199360000001","323.09631050000002",42.85
"6","Eurasian Collared Dove (Streptopelia decaocto)","Eurasian Collared Dove ","Streptopelia decaocto","Columbiformes","Streptopelia decaocto",37.84538878,4,"2.1730696639999998","1813","6.6188640000000003E-3","Not a Migrant","1","resident","weak","omnivore","3","42.29","9.4965519969999992","37.074238029999997","643.12549379999996","107.41677129999999",148.96
"7","Common Woodshrike (Tephrodornis pondicerianus)","Common Woodshrike ","Tephrodornis pondicerianus","Passeriformes","Tephrodornis pondicerianus",17.31316744,4,"1.305351369","429","6.9930069999999999E-3","Not a Migrant","1","resident","weak","invertebrates","2","20.89","24.927385879999999","24.33435442","1365.512056","334.39457490000001",20.2
"8","Common Hoopoe (Upupa epops)","Common Hoopoe ","Upupa epops","Bucerotiformes","Upupa epops",21.7746589,8,"1.8256208249999999","4508","7.7639750000000002E-3","Full Migrant","3","directional migratory","weak","invertebrates","3","32.5","13.60603137","33.418846549999998","678.8891433","131.37570930000001",66.93
"9","Desert Wheatear (Oenanthe deserti)","Desert Wheatear ","Oenanthe deserti","Passeriformes","Oenanthe deserti",30.87081793,4,"1.297541668","1099","9.0991800000000001E-4","Full Migrant","2","directional migratory","weak","invertebrates","3","38.64","7.6704566889999999","40.82271042","230.1097862","45.702292059999998",19.84
"10","Greater Short toed Lark (Calandrella brachydactyla)","Greater Short toed Lark ","Calandrella brachydactyla","Passeriformes","Calandrella brachydactyla",35.0966193,4,"1.323458367","1704","8.2159620000000003E-3","Full Migrant","2","directional migratory","weak","invertebrates","3","40.07","7.5049256599999996","38.805562350000002","374.47471150000001","61.442482759999997",21.06
"11","White eared Bulbul (Pycnonotus leucotis)","White eared Bulbul ","Pycnonotus leucotis","Passeriformes","Pycnonotus leucotis",16.65026508,4,"1.4332896850000001","282","0","Not a Migrant","2","resident","weak","omnivore","2","27.14","22.38612243","33.217764369999998","571.83611229999997","182.4583011",27.12
"12","Common Babbler (Argya caudata)","Common Babbler ","Argya caudata",NA,NA,NA,NA,NA,NA,NA,NA,NA,NA,NA,NA,NA,NA,NA,NA,NA,NA,NA
"13","Great Grey Shrike (Lanius excubitor)","Great Grey Shrike ","Lanius excubitor","Passeriformes","Lanius excubitor",22.34152831,4,"1.8021577529999999","2742","5.4704599999999999E-3","Full Migrant","3","directional migratory","weak","vertebrates","3","44.4","7.7912667149999999","40.686026830000003","373.82026430000002","63.167575509999999",63.41
"14","Shikra (Accipiter badius)","Shikra ","Accipiter badius","Accipitriformes","Accipiter badius",32.93687093,8,"2.1177682949999999","2030","2.9556650000000001E-3","Full Migrant","3","directional migratory","weak","vertebrates","2","9.81","22.026104849999999","24.29864139","952.45298219999995","203.56537789999999",131.15
"15","Brown Rock Chat (Oenanthe fusca)","Brown Rock Chat ","Oenanthe fusca",NA,NA,NA,NA,NA,NA,NA,NA,NA,NA,NA,NA,NA,NA,NA,NA,NA,NA,NA
"16","Green Beeeater (Merops orientalis)","Green Beeeater ","Merops orientalis","Coraciiformes","Merops orientalis",35.33244734,4,"1.1702617150000001","1195","8.3681999999999995E-4","Full Migrant","1","dispersive migratory","none","invertebrates","2","18.489999999999998","25.676540230000001","24.99123329","817.095191","207.5265249",14.8
"17","House Sparrow (Passer domesticus)","House Sparrow ","Passer domesticus","Passeriformes","Passer domesticus",25.709883,4,"1.423409728","3384","1.1820331E-2","Not a Migrant","1","dispersive migratory","none","seeds","3","36.47","10.575353010000001","36.194742740000002","530.45337889999996","87.08002999",26.51
"18","Grey Francolin (Francolinus pondicerianus)","Grey Francolin ","Francolinus pondicerianus","Galliformes","Francolinus pondicerianus",25.94474567,4,"2.397835765","302","0","Not a Migrant","1","resident","strong","omnivore","3","22.22","25.710001009999999","26.842607090000001","848.98073720000002","247.35206009999999",249.94
"19","Purple Sunbird (Cinnyris asiaticus)","Purple Sunbird ","Cinnyris asiaticus","Passeriformes","Cinnyris asiaticus",17.7876848,4,"0.908485019","568","3.5211270000000002E-3","Not a Migrant","1","resident","weak","omnivore","2","21.67","24.220270639999999","24.60771841","1256.1225280000001","301.91904160000001",NA
"20","Rose ringed Parakeet (Psittacula krameri)","Rose ringed Parakeet ","Psittacula krameri","Psittaciformes","Psittacula krameri",47.72960483,8,"2.064869625","912","0","Not a Migrant","1","resident","none","fruit","2","17.809999999999999","25.521074290000001","24.918489619999999","916.89188090000005","237.29762729999999",116.11
"21","Common Myna (Acridotheres tristis)","Common Myna ","Acridotheres tristis","Passeriformes","Acridotheres tristis",21.84696376,4,"2.066064897","707","5.6577090000000003E-3","Not a Migrant","2","resident","none","omnivore","3","20.309999999999999","21.643686850000002","25.53634735","1240.4054410000001","277.63989950000001",116.43
"22","Red wattled Lapwing (Vanellus indicus)","Red wattled Lapwing ","Vanellus indicus","Charadriiformes","Vanellus indicus",43.2386972,4,"2.2576785749999999","652","1.533742E-3","Not a Migrant","1","directional migratory","weak","invertebrates","3","22.62","23.17288332","26.067697219999999","1157.5030380000001","268.22718320000001",181
"23","Indian Peafowl (Pavo cristatus)","Indian Peafowl ","Pavo cristatus","Galliformes","Pavo cristatus",28.71360931,4,"3.6185511680000002","259","0","Not a Migrant","1","resident","none","omnivore","2","21.99","24.24335812","25.49768658","1163.900024","311.72927729999998",4154.81
"24","Whitebrowed Fantail (Rhipidura aureola)","Whitebrowed Fantail ","Rhipidura aureola","Passeriformes","Rhipidura aureola",21.05084499,4,"1.0492180230000001","405","2.4691359999999998E-3","Not a Migrant","1","resident","weak","invertebrates","2","20.51","25.005343719999999","24.056947180000002","1364.1855909999999","333.97794370000003",11.2
"25","Jungle Babbler (Turdoides striata)","Jungle Babbler ","Turdoides striata","Passeriformes","Turdoides striata",9.46000401,4,"1.8194781280000001","325","0","Not a Migrant","1","resident","strong","omnivore","2","23.08","24.74673078","27.022022239999998","1107.269628","303.95902100000001",65.99
"26","Laughing Dove (Streptopelia senegalensis)","Laughing Dove ","Streptopelia senegalensis",NA,NA,NA,NA,NA,NA,NA,NA,NA,NA,NA,NA,NA,NA,NA,NA,NA,NA,NA
"27","Chestnutbellied Sandgrouse (Pterocles exustus)","Chestnutbellied Sandgrouse ","Pterocles exustus","Pteroclidiformes","Pterocles exustus",57.8641624,4,"2.3070893649999999","700","0","Not a Migrant","2","dispersive migratory","none","seeds","3","17.37","25.980430819999999","25.276872969999999","530.02407440000002","155.8592859",202.81
"28","Lark (Unidentified)","Lark ","Unidentified",NA,NA,NA,NA,NA,NA,NA,NA,NA,NA,NA,NA,NA,NA,NA,NA,NA,NA,NA
"29","Plain Prinia (Prinia inornata)","Plain Prinia ","Prinia inornata","Passeriformes","Prinia inornata",14.16797488,4,"0.84509803999999999","699","4.2918455000000001E-2","Altitudinal Migrant","1","resident","strong","invertebrates","2","22.29","22.714348470000001","24.389410640000001","1415.5006739999999","308.03913820000002",7
"30","Indian Black Ibis (Pseudibis papillosa)","Indian Black Ibis ","Pseudibis papillosa","Pelecaniformes","Pseudibis papillosa",36.5127548,4,"3.084933575","152","0","Not a Migrant","1","dispersive migratory","weak","invertebrates","3","21.28","25.76262681","25.953812110000001","1123.6329639999999","329.700964",1216
"31","Indian Roller (Coracias benghalensis)","Indian Roller ","Coracias benghalensis","Coraciiformes","Coracias benghalensis",28.50438198,8,"2.1971702469999999","661","0","Not a Migrant","2","resident","none","omnivore","2","22.61","22.716638509999999","25.22784936","1190.4983070000001","286.11005710000001",157.46
"32","Rufous Treepie (Dendrocitta vagabunda)","Rufous Treepie ","Dendrocitta vagabunda","Passeriformes","Dendrocitta vagabunda",14.95803233,4,"2","466","0","Not a Migrant","1","resident","strong","omnivore","2","21.68","23.845216220000001","24.371511949999999","1376.648962","334.82828310000002",100
"33","Siberian Stonechat (Saxicola maurus)","Siberian Stonechat ","Saxicola maurus","Passeriformes","NA",19.9009278,4,"NA","NA","NA","NA","3","directional migratory","weak","NA","2","NA","NA","NA","NA","NA",NA
"34","Pale capped Pigeon (Columba punicea)","Pale capped Pigeon ","Columba punicea","Columbiformes","Columba punicea",35.01168828,4,"2.6378798190000001","201","0","Not a Migrant","1","resident","none","fruit","2","18.260000000000002","24.485252819999999","19.968621460000001","1854.6982889999999","393.91525280000002",434.39
"35","Ashy Prinia (Prinia socialis)","Ashy Prinia ","Prinia socialis","Passeriformes","Prinia socialis",10.26808511,4,"0.90308998699999998","288","0","Not a Migrant","1","resident","weak","invertebrates","3","21.85","25.144659780000001","25.488719199999998","1263.6370429999999","338.44821660000002",8
"36","Pipit (Unidentified)","Pipit ","Unidentified",NA,NA,NA,NA,NA,NA,NA,NA,NA,NA,NA,NA,NA,NA,NA,NA,NA,NA,NA
"37","Others","Others",NA,NA,NA,NA,NA,NA,NA,NA,NA,NA,NA,NA,NA,NA,NA,NA,NA,NA,NA,NA
"38","Black crowned SparrowLark (Eremopterix nigriceps)","Black crowned SparrowLark ","Eremopterix nigriceps","Passeriformes","Eremopterix nigriceps",25.54096159,4,"1.1414497729999999","832","1.0817307999999999E-2","Nomadic","2","resident","weak","seeds","3","18.079999999999998","26.561784530000001","26.42542701","266.15434959999999","85.027694569999994",13.85
"39","Eastern Orphean Warbler (Sylvia crassirostris)","Eastern Orphean Warbler ","Sylvia crassirostris","Passeriformes","Sylvia crassirostris",26.41460764,4,"NA","NA","NA","NA","3","directional migratory","weak","NA","2","NA","14.497635300000001","32.178976710000001","481.61390030000001","65.579909880000002",NA
"40","Stoliczka's Bushchat (Saxicola macrorhynchus)","Stoliczka's Bushchat ","Saxicola macrorhynchus","Passeriformes","Saxicola macrorhynchus",20.38997437,4,"1.183839037","15","0","Not a Migrant","2","directional migratory","weak","invertebrates","2","28.21","23.73054132","34.490408260000002","484.77051239999997","152.2686258",15.27
"41","Isabelline Wheatear (Oenanthe isabellina)","Isabelline Wheatear ","Oenanthe isabellina","Passeriformes","Oenanthe isabellina",24.69248759,4,"1.4683473300000001","1235","1.619433E-3","Full Migrant","3","directional migratory","weak","invertebrates","3","43.05","6.4726773050000004","43.593323859999998","309.51666640000002","51.230374849999997",29.4
"42","Oriental Skylark (Alauda gulgula)","Oriental Skylark ","Alauda gulgula","Passeriformes","Alauda gulgula",27.21062444,4,"1.419955748","1206","2.9021558999999999E-2","Full Migrant","2","directional migratory","weak","seeds","3","26.62","17.009392999999999","28.79605857","1083.6745900000001","223.26135099999999",26.3
"43","Indian Bushlark (Mirafra erythroptera)","Indian Bushlark ","Mirafra erythroptera","Passeriformes","Mirafra erythroptera",20.84865316,4,"1.3283796029999999","226","4.4247790000000002E-3","Not a Migrant","1","resident","weak","omnivore","2","22.29","25.268568680000001","27.002461019999998","1039.763946","306.54538930000001",21.3
"44","Blackcrowned Night Heron (Nycticorax nycticorax)","Blackcrowned Night Heron ","Nycticorax nycticorax","Pelecaniformes","Nycticorax nycticorax",33.03518541,4,"2.908485019","3975","2.7924528000000001E-2","Full Migrant","3","directional migratory","none","vertebrates","3","11.99","18.966194569999999","25.268322300000001","1056.0954300000001","162.98838140000001",810
"45","White browed Wagtail (Motacilla maderaspatensis)","White browed Wagtail ","Motacilla maderaspatensis",NA,NA,NA,NA,NA,NA,NA,NA,NA,NA,NA,NA,NA,NA,NA,NA,NA,NA,NA
"46","Painted Stork (Mycteria leucocephala)","Painted Stork ","Mycteria leucocephala","Ciconiiformes","Mycteria leucocephala",41.09054647,4,"3.5024271200000001","278","2.5179856E-2","Not a Migrant","2","dispersive migratory","none","vertebrates","3","19.440000000000001","24.891769589999999","22.107475919999999","1537.4647540000001","359.74890850000003",3180
"47","Cattle Egret (Bubulcus ibis)","Cattle Egret ","Bubulcus ibis","Pelecaniformes","Bubulcus ibis",26.99559227,7,"2.5634217509999999","2933","2.4207296E-2","Full Migrant","2","directional migratory","none","invertebrates","3","2.2799999999999998","22.590164290000001","20.318036370000002","1264.1337639999999","197.33973449999999",365.95
"48","Dusky Eagle Owl (Bubo coromandus)","Dusky Eagle Owl ","Bubo coromandus","Strigiformes","Bubo coromandus",34.30906072,4,"3.1436860320000002","284","0","Not a Migrant","1","resident","strong","vertebrates","2","20.309999999999999","25.062321310000002","23.6976111","1459.852279","336.68647870000001",1392.15
"49","Large Grey Babbler (Argya malcolmi)","Large Grey Babbler ","Argya malcolmi",NA,NA,NA,NA,NA,NA,NA,NA,NA,NA,NA,NA,NA,NA,NA,NA,NA,NA,NA
"50","Common Chiffchaff (Phylloscopus collybita)","Common Chiffchaff ","Phylloscopus collybita","Passeriformes","Phylloscopus collybita",17.03028308,4,"0.91907809200000001","1850","3.7837840000000001E-3","Full Migrant","3","directional migratory","weak","invertebrates","1","54.41","1.3055117469999999","41.991071779999999","540.4018615","55.988862169999997",8.3
"51","Whitethroated Kingfisher (Halcyon smyrnensis)","Whitethroated Kingfisher ","Halcyon smyrnensis","Coraciiformes","Halcyon smyrnensis",20.24597458,4,"1.9609461960000001","888","7.6576577000000007E-2","Not a Migrant","2","resident","weak","vertebrates","2","20.079999999999998","23.199604040000001","22.740635770000001","1506.063664","280.70445990000002",91.4
"52","Northern Shoveler (Spatula clypeata)","Northern Shoveler ","Spatula clypeata",NA,NA,NA,NA,NA,NA,NA,NA,NA,NA,NA,NA,NA,NA,NA,NA,NA,NA,NA
"53","Northern Pintail (Anas acuta)","Northern Pintail ","Anas acuta","Anseriformes","Anas acuta",59.44288563,4,"2.9752571360000002","3130","1.9169328999999999E-2","Full Migrant","3","directional migratory","none","plants","3","57.08","-2.1382910060000002","45.17550885","512.82608340000002","55.633411889999998",944.62
"54","Common Pochard (Aythya ferina)","Common Pochard ","Aythya ferina","Anseriformes","Aythya ferina",51.4372138,4,"2.915394558","1415","1.130742E-2","Full Migrant","1","directional migratory","none","plants","3","50.71","4.1082063069999997","41.429910749999998","472.5560155","51.48506003",822.99
"55","Common Coot (Fulica atra)","Common Coot ","Fulica atra","Gruiformes","Fulica atra",40.25960063,4,"2.8555918349999998","2793","1.8259936000000001E-2","Full Migrant","1","directional migratory","weak","omnivore","3","32.17","10.020781810000001","36.826432050000001","619.88468339999997","92.748128030000004",717.12
"56","Lesser Whitethroat (Sylvia curruca)","Lesser Whitethroat ","Sylvia curruca","Passeriformes","Sylvia curruca",21.53256361,4,"1.0584260240000001","1608","2.487562E-3","Full Migrant","3","directional migratory","weak","invertebrates","3","52.64","3.2856963480000001","41.767692240000002","508.95191119999998","52.229283260000003",11.44
"57","Striated Babbler (Argya earlei)","Striated Babbler ","Argya earlei",NA,NA,NA,NA,NA,NA,NA,NA,NA,NA,NA,NA,NA,NA,NA,NA,NA,NA,NA
"58","White Wagtail (Motacilla alba)","White Wagtail ","Motacilla alba","Passeriformes","Motacilla alba",30.97882362,10,"1.378942699","3722","1.6657710999999999E-2","Full Migrant","3","directional migratory","weak","invertebrates","3","53.22","1.5260035949999999","42.356792980000002","482.90680850000001","54.63827869",23.93
"59","Bank Myna (Acridotheres ginginianus)","Bank Myna ","Acridotheres ginginianus","Passeriformes","Acridotheres ginginianus",24.33165815,4,"1.8573324959999999","214","0","Not a Migrant","2","resident","none","omnivore","3","25.48","24.07967382","19.144554400000001","1901.5504149999999","393.6848794",72
"60","Black Redstart (Phoenicurus ochruros)","Black Redstart ","Phoenicurus ochruros","Passeriformes","Phoenicurus ochruros",23.9419716,4,"1.217483944","1142","4.3782839999999996E-3","Full Migrant","2","directional migratory","weak","invertebrates","3","41.75","6.8764285410000001","35.903434619999999","495.4350081","67.684222460000001",16.5
"61","Red breasted Flycatcher (Ficedula parva)","Red breasted Flycatcher ","Ficedula parva","Passeriformes","Ficedula parva",23.82910712,4,"1.0334237550000001","518","0","Full Migrant","3","directional migratory","weak","invertebrates","1","56.41","-1.860312186","47.13435398","507.60334080000001","60.973251449999999",10.8
"62","Large Gray Babbler (Turdoides malcolmi)","Large Gray Babbler ","Turdoides malcolmi","Passeriformes","Argya malcolmi",15.35530754,4,"1.8790958799999999","165","0","Not a Migrant","1","resident","strong","invertebrates","2","21.46","25.614975439999998","26.556761120000001","1062.395491","323.97815680000002",75.7
"63","Brahminy Starling (Sturnia pagodarum)","Brahminy Starling ","Sturnia pagodarum","Passeriformes","Sturnia pagodarum",27.28302752,4,"1.6893088590000001","320","0","Full Migrant","1","directional migratory","none","omnivore","1","22.6","24.119627049999998","26.63366109","1067.367626","294.10833639999998",NA
"64","Ashycrowned Sparrow Lark (Eremopterix griseus)","Ashycrowned Sparrow Lark ","Eremopterix griseus","Passeriformes","Eremopterix griseus",29.45041808,4,"1.204119983","302","0","Not a Migrant","2","resident","weak","seeds","3","22.25","25.27974305","26.409193819999999","1132.461532","309.60266660000002",16
"65","Alexandrine Parakeet (Psittacula eupatria)","Alexandrine Parakeet ","Psittacula eupatria","Psittaciformes","Psittacula eupatria",53.10717144,4,"2.3304137730000001","359","2.5069638000000002E-2","Nomadic","1","resident","none","omnivore","1","20.87","24.7133234","24.022462310000002","1386.8701860000001","339.7889563",214
"66","Yelloweyed Pigeon (Columba eversmanni)","Yelloweyed Pigeon ","Columba eversmanni","Columbiformes","Columba eversmanni",47.2471773,4,"2.3053513689999998","385","0","Full Migrant","3","directional migratory","none","seeds","2","40.76","7.9504960379999998","43.402386270000001","221.0601796","34.942265290000002",202
"67","Painted Sandgrouse (Pterocles indicus)","Painted Sandgrouse ","Pterocles indicus","Pteroclidiformes","Pterocles indicus",40.94534665,4,"2.2509320700000002","225","0","Not a Migrant","1","resident","none","seeds","3","21.9","25.692607330000001","27.161728329999999","1017.711153","303.701413",178.21
"68","Grey Wagtail (Motacilla cinerea)","Grey Wagtail ","Motacilla cinerea","Passeriformes","Motacilla cinerea",35.43056843,4,"1.2342641240000001","2013","3.6761053000000002E-2","Full Migrant","2","directional migratory","weak","invertebrates","3","48.95","2.9736239790000001","42.191353149999998","586.58140070000002","79.546887729999995",17.15
"69","Common Kestrel (Falco tinnunculus)","Common Kestrel ","Falco tinnunculus","Falconiformes","Falco tinnunculus",50.85292353,4,"2.2629491750000001","5026","1.1142061E-2","Full Migrant","3","directional migratory","weak","vertebrates","3","31.89","11.28066126","34.57112549","611.38816369999995","106.30370050000001",183.21
"70","Graceful Prinia (Prinia gracilis)","Graceful Prinia ","Prinia gracilis","Passeriformes","Prinia gracilis",10.44642073,5,"0.85125834899999997","575","0","Not a Migrant","1","resident","strong","invertebrates","2","25.15","23.367107010000002","29.470030120000001","439.65888660000002","112.3693026",7.1
"71","Indian Robin (Saxicoloides fulicatus)","Indian Robin ","Saxicoloides fulicatus","Passeriformes","Saxicoloides fulicatus",7.722208932,4,"1.2201080879999999","281","3.5587190000000001E-3","Not a Migrant","1","resident","strong","invertebrates","2","22.44","24.990714369999999","26.995574179999998","1011.906129","282.58151779999997",16.6
"72","Francolin (Unidentified)","Francolin ","Unidentified",NA,NA,NA,NA,NA,NA,NA,NA,NA,NA,NA,NA,NA,NA,NA,NA,NA,NA,NA
"73","Lesser Goldenbacked Woodpecker (Dinopium benghalense)","Lesser Goldenbacked Woodpecker ","Dinopium benghalense","Piciformes","Dinopium benghalense",20.69691878,6,"2","284","0","Not a Migrant","1","resident","strong","invertebrates","2","24.93","23.002588759999998","27.139064659999999","1284.4996819999999","338.67392000000001",100
"74","Longbilled Pipit (Anthus similis)","Longbilled Pipit ","Anthus similis","Passeriformes","Anthus similis",16.5203857,4,"1.403120521","740","4.0540539999999996E-3","Not a Migrant","1","directional migratory","weak","invertebrates","3","8.76","21.874164029999999","26.165179970000001","622.45024599999999","156.9770724",25.3
"75","Asian Desert Warbler (Sylvia nana)","Asian Desert Warbler ","Sylvia nana","Passeriformes","Sylvia nana",16.49051232,4,"0.93951925300000005","837","0","Full Migrant","1","directional migratory","weak","invertebrates","3","40.72","11.400332260000001","42.785896739999998","184.92943510000001","25.320562679999998",8.7
"76","Barn Swallow (Hirundo rustica)","Barn Swallow ","Hirundo rustica","Passeriformes","Hirundo rustica",51.1705325,11,"1.2530955859999999","4786","2.1938988999999999E-2","Full Migrant","3","directional migratory","none","invertebrates","3","45.01","6.1874571749999996","39.138836929999997","618.74158539999996","77.781817700000005",17.91
"77","Andaman Cuckooshrike (Coracina dobsoni)","Andaman Cuckooshrike ","Coracina dobsoni","Passeriformes","Coracina dobsoni",33.24459001,4,"NA","NA","NA","NA","1","resident","weak","NA","1","NA","NA","NA","NA","NA",NA
"78","Crested Lark (Galerida cristata)","Crested Lark ","Galerida cristata","Passeriformes","Galerida cristata",27.12627936,4,"1.6302244109999999","2795","4.2933809999999998E-3","Full Migrant","1","directional migratory","weak","omnivore","3","34.270000000000003","15.18243131","34.399824260000003","411.54169189999999","79.706724309999998",42.68
"79","Paddyfield Pipit (Anthus rufulus)","Paddyfield Pipit ","Anthus rufulus","Passeriformes","Anthus rufulus",21.5591577,4,"1.3104808910000001","862","0.1612529","Not a Migrant","1","resident","weak","invertebrates","3","13.92","24.046042109999998","19.309718289999999","1790.6561919999999","288.8258386",20.44
"80","Small Minivet (Pericrocotus cinnamomeus)","Small Minivet ","Pericrocotus cinnamomeus","Passeriformes","Pericrocotus cinnamomeus",22.4781892,4,"0.93449845099999995","500","0.03","Not a Migrant","2","resident","weak","invertebrates","2","19.25","25.037204320000001","23.138791179999998","1471.112384","339.70868059999998",8.6
"81","Yellowlegged Green Pigeon (Treron phoenicopterus)","Yellowlegged Green Pigeon ","Treron phoenicopterus","Columbiformes","Treron phoenicopterus",39.47932785,8,"2.3710678619999999","339","0","Not a Migrant","1","resident","none","fruit","2","20.39","24.13593633","22.85406897","1510.1617799999999","358.9123616",235
"82","Indian Silverbill (Euodice malabarica)","Indian Silverbill ","Euodice malabarica","Passeriformes","Euodice malabarica",23.19087042,4,"1.0791812460000001","357","0","Not a Migrant","1","resident","none","seeds","3","23.39","24.894347150000002","27.411139800000001","853.65485369999999","242.8632183",NA
"83","Isabelline Shrike (Lanius isabellinus)","Isabelline Shrike ","Lanius isabellinus","Passeriformes","Lanius isabellinus",27.03451831,4,"1.4014005410000001","619","0","Full Migrant","3","directional migratory","weak","invertebrates","2","41.37","5.7707974579999997","45.140995220000001","233.43743799999999","47.448425710000002",25.2
"84","Blackbellied Sandgrouse (Pterocles orientalis)","Blackbellied Sandgrouse ","Pterocles orientalis","Pteroclidiformes","Pterocles orientalis",63.68153195,4,"2.607315598","715","9.7902100000000006E-3","Full Migrant","2","directional migratory","none","seeds","3","37.99","13.14716351","38.326440439999999","282.31237920000001","41.607167410000002",404.87
"85","Baybacked Shrike (Lanius vittatus)","Baybacked Shrike ","Lanius vittatus","Passeriformes","Lanius vittatus",22.85935807,4,"1.3180633349999999","369","0","Full Migrant","2","directional migratory","weak","invertebrates","2","25.11","22.716633309999999","30.179702290000002","759.31781320000005","216.9631669",20.8
"86","Bimaculated Lark (Melanocorypha bimaculata)","Bimaculated Lark ","Melanocorypha bimaculata","Passeriformes","Melanocorypha bimaculata",38.43511652,4,"1.733197265","393","0","Full Migrant","3","directional migratory","weak","omnivore","3","40.880000000000003","10.46459817","41.12227515","314.04199139999997","45.036075670000002",54.1
"87","Mountain Bulbul (Ixos mcclellandii)","Mountain Bulbul ","Ixos mcclellandii","Passeriformes","Ixos mcclellandii",18.08391102,4,"1.511883361","384","2.0833332999999999E-2","Altitudinal Migrant","1","resident","weak","omnivore","1","22.79","19.595654660000001","23.17769624","1621.672186","301.73484359999998",NA
"88","Buzzard (Unidentified)","Buzzard ","Unidentified",NA,NA,NA,NA,NA,NA,NA,NA,NA,NA,NA,NA,NA,NA,NA,NA,NA,NA,NA
"89","Chat (Unidentified)","Chat ","Unidentified",NA,NA,NA,NA,NA,NA,NA,NA,NA,NA,NA,NA,NA,NA,NA,NA,NA,NA,NA
"90","Rufous fronted Prinia (Prinia buchanani)","Rufous fronted Prinia ","Prinia buchanani","Passeriformes","Prinia buchanani",12.01939337,4,"0.82607480300000002","181","0","Not a Migrant","1","resident","weak","invertebrates","3","24.47","25.48029786","30.674319650000001","825.32247600000005","256.3451177",6.7
"91","Purplerumped Sunbird (Leptocoma zeylonica)","Purplerumped Sunbird ","Leptocoma zeylonica","Passeriformes","Leptocoma zeylonica",13.88500334,4,"0.94299959300000002","176","0","Not a Migrant","1","resident","weak","omnivore","1","18.43","25.991122260000001","21.857499130000001","1556.591936","405.50661680000002",NA
"92","Pied Bushchat (Saxicola caprata)","Pied Bushchat ","Saxicola caprata","Passeriformes","Saxicola caprata",11.2556987,4,"1.181843588","1005","0.107462687","Full Migrant","3","directional migratory","weak","invertebrates","2","19.57","21.557889979999999","24.563986570000001","1359.7456769999999","244.69592449999999",15.2
"93","Rufoustailed Lark (Ammomanes phoenicura)","Rufoustailed Lark ","Ammomanes phoenicura","Passeriformes","Ammomanes phoenicura",28.02811137,4,"1.4082399649999999","226","0","Not a Migrant","2","resident","weak","omnivore","3","21.19","25.894749999999998","26.202040060000002","1065.192063","312.72810779999998",25.6
"94","Wheatear (Unidentified)","Wheatear ","Unidentified",NA,NA,NA,NA,NA,NA,NA,NA,NA,NA,NA,NA,NA,NA,NA,NA,NA,NA,NA
"95","Red Collared Dove (Streptopelia tranquebarica)","Red Collared Dove ","Streptopelia tranquebarica","Columbiformes","Streptopelia tranquebarica",39.65461213,8,"2.0128372250000002","874","2.402746E-2","Full Migrant","1","directional migratory","weak","seeds","2","25.22","19.136120649999999","27.045590130000001","1277.1222170000001","273.14007620000001",103
"96","Persian Wheatear / Red tailed Wheatear (Oenanthe chrysopygia)","Persian Wheatear / Red tailed Wheatear ","Oenanthe chrysopygia","Passeriformes","Oenanthe chrysopygia",23.47904074,4,"1.3560258569999999","58","0","Full Migrant","3","directional migratory","weak","invertebrates","3","NA","NA","NA","NA","NA",22.7
"97","Large billed Crow (Corvus macrorhynchos)","Large billed Crow ","Corvus macrorhynchos","Passeriformes","Corvus macrorhynchos",38.03851875,4,"2.71023587","1373","0.14930808400000001","Not a Migrant","1","resident","weak","omnivore","2","26.4","14.962711609999999","28.70049719","1380.165193","229.2841104",513.14
"98","Common Crane (Grus grus)","Common Crane ","Grus grus","Gruiformes","Grus grus",43.01371438,4,"3.7403618999999999","1297","0","Full Migrant","3","directional migratory","weak","omnivore","3","56.26","-0.89596806500000004","46.987706459999998","454.82809880000002","53.846547430000001",5499.99
"99","Demoiselle Crane (Grus virgo)","Demoiselle Crane ","Grus virgo",NA,NA,NA,NA,NA,NA,NA,NA,NA,NA,NA,NA,NA,NA,NA,NA,NA,NA,2417
"100","Common Quail (Coturnix coturnix)","Common Quail ","Coturnix coturnix","Galliformes","Coturnix coturnix",43.69274304,4,"1.9835360820000001","2509","1.7935432000000001E-2","Full Migrant","3","directional migratory","none","seeds","3","40.340000000000003","8.6369142829999994","36.631354430000002","577.46606640000005","82.261135120000006",96.28
"101","Spotted Owlet (Athene brama)","Spotted Owlet ","Athene brama","Strigiformes","Athene brama",29.247852,8,"2.0492180229999999","485","0","Not a Migrant","1","resident","strong","invertebrates","2","21.5","25.196114219999998","25.045761949999999","1255.419942","313.42161320000002",112
"102","Desert Lark (Ammomanes deserti)","Desert Lark ","Ammomanes deserti","Passeriformes","Ammomanes deserti",24.12965126,4,"1.3765769569999999","1233","8.1103000000000002E-4","Not a Migrant","2","resident","weak","omnivore","3","25.52","22.741482619999999","31.95248496","138.813199","34.824364209999999",23.8
"103","Sind Sparrow (Passer pyrrhonotus)","Sind Sparrow ","Passer pyrrhonotus","Passeriformes","Passer pyrrhonotus",24.57463393,4,"1.3414345249999999","69","0","Not a Migrant","1","resident","none","seeds","2","28.75","24.254339000000002","34.068728890000003","316.43752219999999","83.685205069999995",21.95
"104","Sand Lark (Alaudala raytal)","Sand Lark ","Alaudala raytal",NA,NA,NA,NA,NA,NA,NA,NA,NA,NA,NA,NA,NA,NA,NA,NA,NA,NA,NA
"105","Blackheaded Ibis (Threskiornis melanocephalus)","Blackheaded Ibis ","Threskiornis melanocephalus","Pelecaniformes","Threskiornis melanocephalus",34.6131705,4,"3.1149444160000002","231","0","Full Migrant","1","directional migratory","none","vertebrates","3","19.89","24.361549870000001","23.785364340000001","1516.39284","353.4022162",1303
"106","Oriental Magpie Robin (Copsychus saularis)","Oriental Magpie Robin ","Copsychus saularis","Passeriformes","Copsychus saularis",18.59340096,7,"1.556302501","962","0.13721413700000001","Not a Migrant","1","resident","strong","invertebrates","1","16.72","23.308723390000001","20.115235290000001","1809.436459","298.79627090000002",36
"107","Yellowthroated Sparrow (Gymnoris xanthocollis)","Yellowthroated Sparrow ","Gymnoris xanthocollis","Passeriformes","Gymnoris xanthocollis",28.498942,5,"1.2576785749999999","425","1.1764706E-2","Not a Migrant","1","directional migratory","weak","seeds","2","24.81","23.701568949999999","29.70791741","723.43180729999995","205.19870449999999",NA
"108","Eurasian Wryneck (Jynx torquilla)","Eurasian Wryneck ","Jynx torquilla","Piciformes","Jynx torquilla",25.6178014,4,"1.543571424","1752","1.1415524999999999E-2","Full Migrant","3","directional migratory","weak","invertebrates","1","52.06","2.989875075","40.371035220000003","632.71151210000005","69.528388759999999",34.96
"109","Painted Francolin (Francolinus pictus)","Painted Francolin ","Francolinus pictus","Galliformes","Francolinus pictus",25.58853262,4,"2.4576397139999999","174","0","Not a Migrant","1","resident","weak","plants","2","19.28","26.273512790000002","24.348961509999999","1174.0730080000001","341.7478112",286.84
"110","Laggar Falcon (Falco jugger)","Laggar Falcon ","Falco jugger","Falconiformes","Falco jugger",52.00101874,4,"2.8779469519999998","299","0","Not a Migrant","2","resident","weak","vertebrates","3","24.08","24.35490179","28.71193156","959.42161269999997","271.0491869",755
"111","Wire tailed Swallow (Hirundo smithii)","Wire tailed Swallow ","Hirundo smithii","Passeriformes","Hirundo smithii",58.04260015,4,"1.093421685","1526","5.2424639999999996E-3","Full Migrant","2","directional migratory","none","invertebrates","3","7.29","23.490203829999999","22.18316226","1072.813913","238.07468299999999",12.4
